Player,Test_Rank,Test_Matches,Test_Innings,Test_Average,Test_Strike_Rate,Test_Highest_Score,Test_Fours,Test_Sixes,Test_Fifties,Test_Hundreds,Test_Runs,ODI_Rank,ODI_Matches,ODI_Innings,ODI_Average,ODI_Strike_Rate,ODI_Highest_Score,ODI_Fours,ODI_Sixes,ODI_Fifties,ODI_Hundreds,ODI_Runs,T20I_Rank,T20I_Matches,T20I_Innings,T20I_Average,T20I_Strike_Rate,T20I_Highest_Score,T20I_Fours,T20I_Sixes,T20I_Fifties,T20I_Hundreds,T20I_Runs,Gender
Aakash Chopra,83.0,10.0,19.0,23.0,34.60,60,49,-,2,-,437.0,,,,,,,,,,,,,,,,,,,,,,,Male
Aashish Kapoor,127.0,4.0,6.0,19.4,53.59,42,8,2,-,-,97.0,160.0,17.0,6.0,7.16,68.25,19.0,2,1,-,-,43.0,,,,,,,,,,,,Male
Aavishkar Salvi,,,,,,,,,,,,218.0,4.0,3.0,2.0,28.57,4.0,-,-,-,-,4.0,,,,,,,,,,,,Male
Abey Kuruvilla,138.0,10.0,11.0,6.6,40.24,35,-,4,-,-,66.0,176.0,25.0,11.0,3.71,60.46,7.0,1,1,-,-,26.0,,,,,,,,,,,,Male
Abhimanyu Mithun,119.0,4.0,5.0,24.0,48.19,46,16,-,-,-,120.0,150.0,5.0,3.0,17.0,92.72,24.0,2,4,-,-,51.0,,,,,,,,,,,,Male
Abhinav Mukund,94.0,7.0,14.0,22.85,45.71,81,32,1,2,-,320.0,,,,,,,,,,,,,,,,,,,,,,,Male
Abhishek Sharma,,,,,,,,,,,,,,,,,,,,,,,9.0,50.0,49.0,33.8,192.83,135.0,160,103,11,2,1589.0,Male
Ajay Jadeja,74.0,15.0,24.0,26.18,39.37,96,62,3,4,-,576.0,12.0,196.0,179.0,37.47,69.79,119.0,366,85,30,6,5359.0,,,,,,,,,,,,Male
Ajay Ratra,110.0,6.0,10.0,18.11,30.58,115,14,-,-,1,163.0,127.0,12.0,8.0,12.85,70.86,30.0,8,-,-,-,90.0,,,,,,,,,,,,Male
Ajay Sharma,145.0,1.0,2.0,26.5,31.36,30,8,-,-,-,53.0,67.0,31.0,27.0,20.19,90.4,59.0,26,9,3,-,424.0,,,,,,,,,,,,Male
Ajinkya Rahane,13.0,85.0,144.0,38.46,49.5,188,578,35,26,12,5077.0,23.0,90.0,87.0,35.26,78.63,111.0,293,33,24,3,2962.0,27.0,20.0,20.0,20.83,113.29,61.0,32,6,1,-,375.0,Male
Ajit Agarkar,75.0,26.0,39.0,16.79,52.82,109,83,3,-,1,571.0,37.0,191.0,113.0,14.58,80.62,95.0,103,22,3,-,1269.0,64.0,4.0,2.0,7.5,136.36,14.0,2,-,-,-,15.0,Male
Ajit Wadekar,32.0,37.0,71.0,31.07,87.21,143,217,2,14,1,2113.0,137.0,2.0,2.0,36.5,81.11,67.0,11,-,1,-,73.0,,,,,,,,,,,,Male
Akash Deep,109.0,10.0,15.0,11.64,53.79,66,20,6,1,-,163.0,,,,,,,,,,,,,,,,,,,,,,,Male
Amay Ramsevak Khurasiya,,,,,,,,,,,,105.0,12.0,11.0,13.54,79.25,57.0,14,2,1,-,149.0,,,,,,,,,,,,Male
Ambati Rayudu,,,,,,,,,,,,33.0,55.0,50.0,47.05,79.04,124.0,145,30,10,3,1694.0,52.0,6.0,5.0,10.5,84.0,20.0,5,-,-,-,42.0,Male
Amit Mishra,71.0,22.0,32.0,21.6,58.74,84,79,3,4,-,648.0,159.0,36.0,11.0,5.37,52.43,14.0,4,-,-,-,43.0,,,,,,,,,,,,Male
Anil Kumble,29.0,132.0,173.0,17.65,38.82,110,302,9,5,1,2506.0,42.0,271.0,136.0,10.54,61.07,26.0,57,6,-,-,938.0,,,,,,,,,,,,Male
Anshuman Gaekwad,36.0,40.0,70.0,29.63,128.73,201,109,-,10,2,1985.0,82.0,15.0,14.0,20.69,52.84,78.0,15,-,1,-,269.0,,,,,,,,,,,,Male
Arshad Ayub,96.0,13.0,19.0,17.13,32.12,57,25,-,1,-,257.0,117.0,32.0,17.0,11.6,71.6,31.0,6,-,-,-,116.0,,,,,,,,,,,,Male
Arshdeep Singh,,,,,,,,,,,,141.0,17.0,11.0,6.55,105.35,18.0,4,3,-,-,59.0,41.0,87.0,31.0,5.93,100.0,12.0,9,3,-,-,95.0,Male
Arun Lal,68.0,16.0,29.0,26.03,57.22,93,66,-,6,-,729.0,114.0,13.0,13.0,9.38,52.58,51.0,10,1,1,-,122.0,,,,,,,,,,,,Male
Ashish Nehra,135.0,17.0,25.0,5.5,30.07,19,8,3,-,-,77.0,106.0,120.0,46.0,5.64,57.31,24.0,12,3,-,-,141.0,58.0,27.0,5.0,5.6,71.79,22.0,1,2,-,-,28.0,Male
Ashok Dinda,,,,,,,,,,,,181.0,13.0,5.0,4.2,58.33,16.0,1,-,-,-,21.0,61.0,9.0,2.0,22.0,91.66,19.0,1,-,-,-,22.0,Male
Ashok Malhotra,100.0,7.0,10.0,25.11,84.96,72,18,-,1,-,226.0,64.0,20.0,19.0,30.46,70.85,65.0,29,1,1,-,457.0,,,,,,,,,,,,Male
Ashok Mankad,56.0,22.0,42.0,25.41,-,97,63,-,6,-,991.0,158.0,1.0,1.0,44.0,72.13,44.0,3,-,-,-,44.0,,,,,,,,,,,,Male
Ashok Patel,,,,,,,,,,,,212.0,8.0,2.0,3.0,54.54,6.0,-,-,-,-,6.0,,,,,,,,,,,,Male
Atul Chandrakant Bedade,,,,,,,,,,,,100.0,13.0,10.0,22.57,86.33,51.0,11,5,1,-,158.0,,,,,,,,,,,,Male
Atul Wassan,128.0,4.0,5.0,23.5,70.67,53,9,-,1,-,94.0,169.0,9.0,6.0,8.25,58.92,16.0,2,-,-,-,33.0,,,,,,,,,,,,Male
Avesh Khan,,,,,,,,,,,,179.0,8.0,4.0,7.66,79.31,10.0,2,1,-,-,23.0,60.0,25.0,5.0,13.5,135.0,16.0,3,1,-,-,27.0,Male
Axar Patel,69.0,15.0,24.0,34.4,53.04,84,73,20,4,-,688.0,48.0,71.0,49.0,23.18,91.76,64.0,53,31,3,-,858.0,19.0,96.0,59.0,18.27,131.0,65.0,51,28,1,-,731.0,Male
Balwinder Sandhu,102.0,8.0,11.0,30.57,113.23,71,17,3,2,-,214.0,147.0,22.0,7.0,12.75,52.57,16.0,2,1,-,-,51.0,,,,,,,,,,,,Male
Bhagwath Chandrasekhar,108.0,58.0,80.0,4.07,48.41,22,12,-,-,-,167.0,194.0,1.0,1.0,0.0,84.61,11.0,-,-,-,-,11.0,,,,,,,,,,,,Male
Bharat Arun,186.0,2.0,2.0,4.0,-,2,-,-,-,-,4.0,182.0,4.0,3.0,10.5,65.62,8.0,2,-,-,-,21.0,,,,,,,,,,,,Male
Bharath Reddy,151.0,4.0,5.0,9.5,38.00,21,6,-,-,-,38.0,193.0,3.0,2.0,0.0,55.0,8.0,1,-,-,-,11.0,,,,,,,,,,,,Male
Bhupinder Singh,,,,,,,,,,,,214.0,2.0,1.0,6.0,46.15,6.0,-,-,-,-,6.0,,,,,,,,,,,,Male
Bhuvneshwar Kumar,76.0,21.0,29.0,22.08,45.06,63,77,1,3,-,552.0,61.0,121.0,55.0,14.15,73.89,53.0,46,8,1,-,552.0,47.0,87.0,21.0,8.37,71.27,16.0,-,-,-,-,67.0,Male
Bishan Singh Bedi,70.0,67.0,101.0,8.98,108.79,50,51,3,1,-,656.0,172.0,10.0,7.0,6.2,44.28,13.0,1,-,-,-,31.0,,,,,,,,,,,,Male
Brijesh Pursuram Patel,57.0,21.0,38.0,29.45,-,115,-,7,5,1,972.0,84.0,10.0,9.0,30.37,60.9,82.0,-,-,1,-,243.0,,,,,,,,,,,,Male
Chandrakant Pandit,107.0,5.0,8.0,24.42,51.66,39,18,-,-,-,171.0,77.0,36.0,23.0,20.71,72.5,33.0,16,-,-,-,290.0,,,,,,,,,,,,Male
Chetan Chauhan,33.0,40.0,68.0,31.57,-,97,-,1,16,-,2084.0,103.0,7.0,7.0,21.85,50.83,46.0,-,-,-,-,153.0,,,,,,,,,,,,Male
Chetan Sakariya,,,,,,,,,,,,,,,,,,,,,,,85.0,2.0,1.0,0.0,55.55,5.0,-,-,-,-,5.0,Male
Chetan Sharma,86.0,23.0,27.0,22.0,61.68,54,32,1,1,-,396.0,65.0,65.0,35.0,24.0,90.47,101.0,31,4,-,1,456.0,,,,,,,,,,,,Male
Cheteshwar Pujara,8.0,103.0,176.0,43.6,44.36,206,863,16,35,19,7195.0,148.0,5.0,5.0,10.2,39.23,27.0,4,-,-,-,51.0,,,,,,,,,,,,Male
David Johnson,174.0,2.0,3.0,4.0,22.85,5,1,-,-,-,8.0,,,,,,,,,,,,,,,,,,,,,,,Male
Debasis Mohanty,,,,,,,,,,,,173.0,45.0,11.0,5.6,49.12,18.0,1,-,-,-,28.0,,,,,,,,,,,,Male
Deep Dasgupta,92.0,8.0,13.0,28.66,30.55,100,40,1,2,1,344.0,149.0,5.0,4.0,17.0,62.19,24.0,6,-,-,-,51.0,,,,,,,,,,,,Male
Deepak Chahar,,,,,,,,,,,,93.0,13.0,9.0,33.83,98.06,69.0,17,8,2,-,203.0,49.0,25.0,7.0,26.5,189.28,31.0,4,4,-,-,53.0,Male
Deepak Hooda,,,,,,,,,,,,102.0,10.0,7.0,25.5,80.95,33.0,10,1,-,-,153.0,28.0,21.0,17.0,30.66,147.2,104.0,29,18,-,1,368.0,Male
Devdutt Padikkal,130.0,2.0,3.0,30.0,45.68,65,12,1,1,-,90.0,,,,,,,,,,,,53.0,2.0,2.0,19.0,100.0,29.0,2,1,-,-,38.0,Male
Dhawal Kulkarni,,,,,,,,,,,,174.0,12.0,2.0,0.0,96.42,25.0,2,1,-,-,27.0,94.0,2.0,1.0,0.0,100.0,1.0,-,-,-,-,1.0,Male
Dhruv Jurel,79.0,10.0,16.0,34.14,56.7,125,51,10,1,1,478.0,,,,,,,,,,,,73.0,4.0,3.0,4.0,52.17,6.0,1,-,-,-,12.0,Male
Dilip Rasiklal Doshi,118.0,33.0,38.0,4.6,32.09,20,13,-,-,-,129.0,198.0,15.0,5.0,3.0,45.0,5.0,-,-,-,-,9.0,,,,,,,,,,,,Male
Dilip Vengsarkar,9.0,116.0,185.0,41.37,59.98,166,560,17,35,17,6868.0,17.0,129.0,120.0,34.73,67.74,105.0,228,24,23,1,3508.0,,,,,,,,,,,,Male
Dinesh Karthik,53.0,26.0,42.0,25.0,49.27,129,134,4,7,1,1025.0,32.0,94.0,79.0,30.2,73.24,79.0,176,15,9,-,1752.0,22.0,60.0,48.0,26.38,142.61,55.0,71,28,1,-,686.0,Male
Dinesh Mongia,,,,,,,,,,,,39.0,57.0,51.0,27.95,71.47,159.0,122,8,4,1,1230.0,54.0,1.0,1.0,38.0,84.44,38.0,4,1,-,-,38.0,Male
Dodda Ganesh,162.0,4.0,7.0,6.25,20.49,8,1,-,-,-,25.0,221.0,1.0,1.0,4.0,50.0,4.0,-,-,-,-,4.0,,,,,,,,,,,,Male
Eknath Dhondu Solkar,51.0,27.0,48.0,25.42,72.80,102,74,3,6,1,1068.0,175.0,7.0,6.0,4.5,34.17,13.0,2,-,-,-,27.0,,,,,,,,,,,,Male
Faiz Fazal,,,,,,,,,,,,144.0,1.0,1.0,0.0,90.16,55.0,7,1,1,-,55.0,,,,,,,,,,,,Male
Farokh Maneksha Engineer,27.0,46.0,87.0,31.08,137.35,121,288,2,16,2,2611.0,120.0,5.0,4.0,38.0,58.46,54.0,13,-,1,-,114.0,,,,,,,,,,,,Male
Gagan Khoda,,,,,,,,,,,,118.0,2.0,2.0,57.5,62.16,89.0,11,-,1,-,115.0,,,,,,,,,,,,Male
Gautam Gambhir,17.0,58.0,104.0,41.95,51.49,206,517,10,22,9,4154.0,13.0,147.0,143.0,39.68,85.25,150.0,561,17,34,11,5238.0,17.0,37.0,36.0,27.41,119.02,75.0,109,10,7,-,932.0,Male
Ghulam Parkar,179.0,1.0,2.0,3.5,15.55,6,1,-,-,-,7.0,98.0,10.0,10.0,18.33,49.69,42.0,11,-,-,-,165.0,,,,,,,,,,,,Male
Gopal Sharma,169.0,5.0,4.0,3.66,-,10,-,-,-,-,11.0,191.0,11.0,2.0,5.5,45.83,7.0,-,-,-,-,11.0,,,,,,,,,,,,Male
Gundappa Viswanath,11.0,91.0,155.0,41.93,75.9,222,616,6,35,14,6080.0,66.0,25.0,23.0,19.95,52.89,75.0,33,-,2,-,439.0,,,,,,,,,,,,Male
Gurkeerat Singh Mann,,,,,,,,,,,,188.0,3.0,3.0,6.5,100.0,8.0,2,-,-,-,13.0,,,,,,,,,,,,Male
Gurnoor Singh Brar,,,,,,,,,,,,225.0,3.0,1.0,3.0,42.85,3.0,-,-,-,-,3.0,,,,,,,,,,,,Male
Gursharan Singh,165.0,1.0,1.0,18.0,47.36,18,2,-,-,-,18.0,220.0,1.0,1.0,4.0,40.0,4.0,-,-,-,-,4.0,,,,,,,,,,,,Male
Gyanendrakumar Kedarnath Pandey,,,,,,,,,,,,219.0,2.0,2.0,4.0,36.36,4.0,-,-,-,-,4.0,,,,,,,,,,,,Male
Hanuma Vihari,61.0,16.0,28.0,33.56,42.2,111,107,2,5,1,839.0,,,,,,,,,,,,,,,,,,,,,,,Male
Harbhajan Singh,31.0,103.0,145.0,18.22,64.8,115,277,42,9,2,2224.0,38.0,236.0,128.0,13.3,81.06,49.0,92,35,-,-,1237.0,38.0,28.0,13.0,13.5,124.13,21.0,11,4,-,-,108.0,Male
Hardik Pandya,78.0,11.0,18.0,31.29,73.88,108,68,12,4,1,532.0,30.0,94.0,68.0,32.82,110.89,92.0,141,76,11,-,1904.0,4.0,138.0,109.0,28.24,145.91,71.0,168,126,9,-,2288.0,Male
Harshal Patel,,,,,,,,,,,,,,,,,,,,,,,45.0,25.0,10.0,12.83,135.08,18.0,9,3,-,-,77.0,Male
Harshit Rana,178.0,2.0,3.0,2.33,35,7,1,-,-,-,7.0,113.0,14.0,7.0,24.8,121.56,52.0,10,6,1,-,124.0,44.0,12.0,6.0,17.2,114.66,35.0,6,4,-,-,86.0,Male
Harvinder Singh,181.0,3.0,4.0,2.0,15.78,6,1,-,-,-,6.0,211.0,16.0,5.0,1.5,31.57,3.0,-,-,-,-,6.0,,,,,,,,,,,,Male
Hemang Badani,129.0,4.0,7.0,15.66,37.90,38,11,1,-,-,94.0,47.0,40.0,36.0,33.34,73.47,100.0,68,10,4,1,867.0,,,,,,,,,,,,Male
Hrishikesh Kanitkar,136.0,2.0,4.0,18.5,40.00,45,8,-,-,-,74.0,72.0,34.0,27.0,17.84,66.21,57.0,25,1,1,-,339.0,,,,,,,,,,,,Male
Iqbal Siddiqui,158.0,1.0,2.0,29.0,96.66,24,3,1,-,-,29.0,,,,,,,,,,,,,,,,,,,,,,,Male
Irfan Pathan,49.0,29.0,40.0,31.57,53.22,102,131,18,6,1,1105.0,34.0,120.0,87.0,23.39,79.54,83.0,142,37,5,-,1544.0,33.0,24.0,14.0,24.57,119.44,33.0,9,7,-,-,172.0,Male
Ishan Kishan,134.0,2.0,3.0,78.0,85.71,52,8,2,1,-,78.0,40.0,30.0,26.0,45.5,107.69,210.0,112,41,7,2,1092.0,12.0,48.0,48.0,28.53,146.55,103.0,135,70,10,1,1341.0,Male
Ishant Sharma,64.0,105.0,142.0,8.26,30.56,57,88,1,1,-,785.0,138.0,80.0,28.0,4.8,35.46,13.0,6,-,-,-,72.0,77.0,14.0,3.0,8.0,88.88,5.0,1,-,-,-,8.0,Male
Jacob Martin,,,,,,,,,,,,101.0,10.0,8.0,22.57,47.73,39.0,15,-,-,-,158.0,,,,,,,,,,,,Male
Jai Prakash Yadav,,,,,,,,,,,,131.0,12.0,7.0,20.25,65.85,69.0,11,1,1,-,81.0,,,,,,,,,,,,Male
Jasprit Bumrah,91.0,52.0,78.0,6.56,41.28,34,38,11,-,-,348.0,126.0,89.0,26.0,7.58,57.23,16.0,10,1,-,-,91.0,71.0,95.0,12.0,2.0,66.66,7.0,2,-,-,-,12.0,Male
Jatin Vasudeo Paranjape,,,,,,,,,,,,146.0,4.0,4.0,18.0,59.34,27.0,3,1,-,-,54.0,,,,,,,,,,,,Male
Javagal Srinath,55.0,67.0,92.0,14.21,49.53,76,110,8,4,-,1009.0,44.0,229.0,121.0,10.63,79.62,53.0,62,17,1,-,883.0,,,,,,,,,,,,Male
Jayant Yadav,97.0,6.0,9.0,31.0,43.13,104,30,1,1,1,248.0,226.0,2.0,2.0,3.0,42.85,2.0,-,-,-,-,3.0,,,,,,,,,,,,Male
Jaydev Unadkat,152.0,4.0,5.0,12.0,40.44,14,2,1,-,-,36.0,,,,,,,,,,,,,,,,,,,,,,,Male
Jenni Irani,187.0,2.0,3.0,3.0,13.63,2,-,-,-,-,3.0,,,,,,,,,,,,,,,,,,,,,,,Male
Joginder Sharma,,,,,,,,,,,,166.0,4.0,3.0,35.0,116.66,29.0,5,-,-,-,35.0,,,,,,,,,,,,Male
KL Rahul,18.0,68.0,119.0,36.42,52.07,199,496,30,20,12,4153.0,18.0,96.0,88.0,50.73,91.0,112.0,263,79,20,8,3399.0,5.0,72.0,68.0,37.75,139.12,110.0,191,99,22,2,2265.0,Male
Kanwar Rai Singh,161.0,1.0,2.0,13.0,81.25,24,1,1,-,-,26.0,,,,,,,,,,,,,,,,,,,,,,,Male
Kapil Dev,12.0,131.0,184.0,31.05,94.76,163,587,61,27,8,5248.0,16.0,225.0,198.0,23.79,95.07,175.0,291,67,14,1,3783.0,,,,,,,,,,,,Male
Karn Sharma,176.0,1.0,2.0,8.0,28.57,4,-,-,-,-,8.0,,,,,,,,,,,,,,,,,,,,,,,Male
Karsan Devjibhai Ghavri,60.0,39.0,57.0,21.23,58.38,86,73,7,2,-,913.0,119.0,19.0,16.0,11.4,58.76,20.0,-,-,-,-,114.0,,,,,,,,,,,,Male
Karun Nair,73.0,10.0,15.0,41.35,64.62,303,70,4,1,1,579.0,156.0,2.0,2.0,23.0,52.27,39.0,6,-,-,-,46.0,,,,,,,,,,,,Male
Kedar Jadhav,,,,,,,,,,,,35.0,73.0,52.0,42.09,101.6,120.0,141,24,6,2,1389.0,37.0,9.0,6.0,20.33,123.23,58.0,12,3,1,-,122.0,Male
Khandu Rangnekar,155.0,3.0,6.0,5.5,42.30,18,4,-,-,-,33.0,,,,,,,,,,,,,,,,,,,,,,,Male
Kiran More,47.0,49.0,64.0,25.7,40.40,73,132,2,7,-,1285.0,60.0,94.0,65.0,13.09,69.67,42.0,-,-,-,-,563.0,,,,,,,,,,,,Male
Kirti Azad,115.0,7.0,12.0,11.25,44.55,24,13,-,-,-,135.0,81.0,25.0,21.0,14.15,67.25,39.0,19,9,-,-,269.0,,,,,,,,,,,,Male
Kona Srikar Bharat,101.0,7.0,12.0,20.09,52.99,44,19,6,-,-,221.0,,,,,,,,,,,,,,,,,,,,,,,Male
Kris Srikkanth,34.0,43.0,72.0,29.88,75.34,123,221,19,12,2,2062.0,15.0,146.0,145.0,29.01,71.74,123.0,-,-,27,4,4091.0,,,,,,,,,,,,Male
Krishnappa Gowtham,,,,,,,,,,,,232.0,1.0,1.0,2.0,66.66,2.0,-,-,-,-,2.0,,,,,,,,,,,,Male
Krunal Pandya,,,,,,,,,,,,110.0,5.0,4.0,65.0,101.56,58.0,11,2,1,-,130.0,36.0,19.0,10.0,24.8,130.52,26.0,8,6,-,-,124.0,Male
Kuldeep Sen,,,,,,,,,,,,231.0,1.0,1.0,0.0,50.0,2.0,-,-,-,-,2.0,,,,,,,,,,,,Male
Kuldeep Yadav,99.0,18.0,22.0,12.31,25.51,40,23,1,-,-,234.0,92.0,121.0,45.0,9.77,51.93,19.0,15,-,-,-,215.0,50.0,54.0,10.0,8.0,67.6,23.0,2,-,-,-,48.0,Male
Lakshmipathy Balaji,146.0,8.0,9.0,5.66,40.47,31,5,1,-,-,51.0,115.0,30.0,16.0,12.0,78.94,21.0,8,3,-,-,120.0,,,,,,,,,,,,Male
Lalchand Rajput,123.0,2.0,4.0,26.25,-,61,-,-,1,-,105.0,200.0,4.0,4.0,3.0,29.03,8.0,-,-,-,-,9.0,,,,,,,,,,,,Male
Laxman Sivaramakrishnan,117.0,9.0,9.0,16.25,100.78,25,8,-,-,-,130.0,216.0,16.0,4.0,2.5,20.83,2.0,-,-,-,-,5.0,,,,,,,,,,,,Male
Laxmi Shukla,,,,,,,,,,,,185.0,3.0,2.0,9.0,94.73,13.0,1,-,-,-,18.0,,,,,,,,,,,,Male
MS Dhoni,14.0,90.0,144.0,38.09,59.11,224,544,78,33,6,4876.0,6.0,350.0,297.0,50.57,87.56,183.0,826,229,73,10,10773.0,7.0,98.0,85.0,37.6,126.13,56.0,116,52,2,-,1617.0,Male
Madan Lal,52.0,39.0,62.0,22.65,94.04,74,87,1,5,-,1042.0,68.0,67.0,35.0,19.09,62.17,53.0,-,-,1,-,401.0,,,,,,,,,,,,Male
Manav Suthar,160.0,1.0,1.0,28.0,68.29,28,2,2,-,-,28.0,,,,,,,,,,,,,,,,,,,,,,,Male
Mandeep Singh,,,,,,,,,,,,,,,,,,,,,,,43.0,3.0,3.0,43.5,119.17,52.0,11,1,1,-,87.0,Male
Maninder Singh,125.0,35.0,38.0,3.8,33.33,15,5,1,-,-,99.0,151.0,59.0,18.0,12.25,54.44,8.0,1,-,-,-,49.0,,,,,,,,,,,,Male
Manish Pandey,,,,,,,,,,,,59.0,29.0,24.0,33.29,90.56,104.0,45,5,2,1,566.0,21.0,39.0,33.0,44.31,126.15,79.0,49,19,3,-,709.0,Male
Mannava Prasad,122.0,6.0,10.0,11.77,28.64,19,6,-,-,-,106.0,109.0,17.0,11.0,14.55,58.22,63.0,11,-,1,-,131.0,,,,,,,,,,,,Male
Manoj Prabhakar,40.0,39.0,58.0,32.65,38.5,120,165,4,9,1,1600.0,31.0,130.0,98.0,24.12,60.26,106.0,-,-,11,2,1858.0,,,,,,,,,,,,Male
Manoj Tiwary,,,,,,,,,,,,78.0,12.0,12.0,26.09,71.21,104.0,24,3,1,1,287.0,65.0,3.0,1.0,15.0,88.23,15.0,-,-,-,-,15.0,Male
Mayank Agarwal,42.0,21.0,36.0,41.33,53.48,243,189,28,6,4,1488.0,130.0,5.0,5.0,17.2,103.61,32.0,12,1,-,-,86.0,,,,,,,,,,,,Male
Mohammad Azharuddin,10.0,99.0,147.0,45.03,63.08,199,720,19,21,22,6215.0,7.0,334.0,308.0,36.92,74.02,153.0,622,77,58,7,9378.0,,,,,,,,,,,,Male
Mohammad Kaif,72.0,13.0,22.0,32.84,40.31,148,64,2,3,1,624.0,25.0,125.0,110.0,32.01,72.03,111.0,228,9,17,2,2753.0,,,,,,,,,,,,Male
Mohammad Nissar,143.0,6.0,11.0,6.87,-,14,-,-,-,-,55.0,,,,,,,,,,,,,,,,,,,,,,,Male
Mohammad Shami,66.0,64.0,89.0,12.09,74.62,56,83,25,2,-,750.0,87.0,108.0,49.0,7.75,82.41,25.0,17,9,-,-,225.0,80.0,25.0,5.0,3.0,60.0,6.0,-,1,-,-,6.0,Male
Mohammed Siraj,106.0,46.0,62.0,4.88,37.84,22,20,3,-,-,176.0,142.0,50.0,21.0,7.12,42.53,9.0,3,-,-,-,57.0,68.0,17.0,4.0,7.0,87.5,7.0,1,-,-,-,14.0,Male
Mohinder Amarnath,15.0,69.0,113.0,42.5,85.52,138,330,21,24,11,4378.0,29.0,85.0,75.0,30.53,57.7,102.0,123,9,13,2,1924.0,,,,,,,,,,,,Male
Mohit Sharma,,,,,,,,,,,,171.0,26.0,9.0,7.75,46.96,11.0,5,-,-,-,31.0,89.0,8.0,2.0,0.0,42.85,3.0,-,-,-,-,3.0,Male
Mukesh Kumar,,,,,,,,,,,,195.0,6.0,2.0,10.0,62.5,6.0,2,-,-,-,10.0,82.0,17.0,4.0,5.0,100.0,4.0,1,-,-,-,5.0,Male
Munaf Patel,140.0,13.0,14.0,7.5,42.25,15,8,1,-,-,60.0,136.0,70.0,27.0,6.72,66.07,15.0,7,1,-,-,74.0,,,,,,,,,,,,Male
Murali Kartik,132.0,8.0,10.0,9.77,38.09,43,11,-,-,-,88.0,112.0,37.0,14.0,14.0,70.78,32.0,10,1,-,-,126.0,,,,,,,,,,,,Male
Murali Vijay,20.0,61.0,105.0,38.28,46.29,167,467,33,15,12,3982.0,73.0,17.0,16.0,21.18,66.99,72.0,33,3,1,-,339.0,34.0,9.0,9.0,18.77,109.74,48.0,13,8,-,-,169.0,Male
N. Tilak Varma,,,,,,,,,,,,140.0,5.0,4.0,22.66,57.14,52.0,6,1,1,-,68.0,10.0,53.0,50.0,44.14,143.49,120.0,117,75,7,2,1501.0,Male
Naman Ojha,142.0,1.0,2.0,28.0,47.86,35,7,-,-,-,56.0,239.0,1.0,1.0,1.0,14.28,1.0,-,-,-,-,1.0,74.0,2.0,2.0,6.0,44.44,10.0,2,-,-,-,12.0,Male
Narendra Hirwani,144.0,17.0,22.0,5.4,40.91,17,6,-,-,-,54.0,202.0,18.0,7.0,2.0,27.58,4.0,-,-,-,-,8.0,,,,,,,,,,,,Male
Navdeep Saini,175.0,2.0,3.0,4.0,29.62,5,1,-,-,-,8.0,121.0,8.0,5.0,53.5,78.1,45.0,9,3,-,-,107.0,72.0,11.0,3.0,0.0,109.09,11.0,2,-,-,-,12.0,Male
Navjot Sidhu,24.0,51.0,78.0,42.13,44.88,201,358,38,15,9,3202.0,14.0,136.0,127.0,37.08,69.72,134.0,335,44,33,6,4413.0,,,,,,,,,,,,Male
Nayan Mongia,43.0,44.0,68.0,24.03,38.53,152,159,5,6,1,1442.0,36.0,140.0,96.0,20.19,68.94,69.0,95,8,2,-,1272.0,,,,,,,,,,,,Male
Nikhil Chopra,180.0,1.0,2.0,3.5,10.00,4,-,-,-,-,7.0,75.0,39.0,26.0,15.5,62.24,61.0,15,5,1,-,310.0,,,,,,,,,,,,Male
Nilesh Kulkarni,185.0,3.0,2.0,5.0,11.90,4,-,-,-,-,5.0,192.0,10.0,5.0,5.5,55.0,5.0,-,-,-,-,11.0,,,,,,,,,,,,Male
Nitish Kumar Reddy,87.0,10.0,16.0,26.4,57.3,114,40,10,-,1,396.0,123.0,6.0,4.0,33.33,101.01,53.0,3,5,1,-,100.0,42.0,4.0,3.0,45.0,180.0,74.0,4,8,1,-,90.0,Male
Nitish Rana,,,,,,,,,,,,210.0,1.0,1.0,7.0,50.0,7.0,-,-,-,-,7.0,66.0,2.0,2.0,7.5,55.55,9.0,-,-,-,-,15.0,Male
Noel David,,,,,,,,,,,,201.0,4.0,2.0,0.0,90.0,8.0,-,-,-,-,9.0,,,,,,,,,,,,Male
Pankaj Dharmani,,,,,,,,,,,,207.0,1.0,1.0,8.0,100.0,8.0,-,-,-,-,8.0,,,,,,,,,,,,Male
Pankaj Singh,172.0,2.0,4.0,3.33,50.00,9,2,-,-,-,10.0,227.0,1.0,1.0,0.0,100.0,3.0,-,-,-,-,3.0,,,,,,,,,,,,Male
Paras Mhambrey,141.0,2.0,3.0,29.0,52.25,28,8,-,-,-,58.0,209.0,3.0,1.0,0.0,140.0,7.0,1,-,-,-,7.0,,,,,,,,,,,,Male
Parthasarthi Sharma,105.0,5.0,10.0,18.7,76.33,54,21,2,1,-,187.0,183.0,2.0,2.0,10.0,51.28,14.0,-,-,-,-,20.0,,,,,,,,,,,,Male
Parthiv Patel,59.0,25.0,38.0,31.13,48.46,71,126,1,6,-,934.0,53.0,38.0,34.0,23.74,76.5,95.0,79,7,4,-,736.0,55.0,2.0,2.0,18.0,112.5,26.0,4,1,-,-,36.0,Male
Parvez Rasool,,,,,,,,,,,,,,,,,,,,,,,86.0,1.0,1.0,5.0,83.33,5.0,-,-,-,-,5.0,Male
Piyush Chawla,182.0,3.0,3.0,2.0,26.08,4,1,-,-,-,6.0,164.0,25.0,12.0,5.42,65.51,13.0,3,-,-,-,38.0,,,,,,,,,,,,Male
Pochiah Krishnamurthy,154.0,5.0,6.0,5.5,-,20,1,-,-,-,33.0,215.0,1.0,1.0,6.0,46.15,6.0,-,-,-,-,6.0,,,,,,,,,,,,Male
Pragyan Ojha,131.0,24.0,27.0,8.9,18.08,18,6,-,-,-,89.0,155.0,18.0,10.0,23.0,41.07,16.0,3,-,-,-,46.0,75.0,6.0,1.0,0.0,166.66,10.0,-,1,-,-,10.0,Male
Pranab Roy,137.0,2.0,3.0,35.5,30.86,60,11,-,1,-,71.0,,,,,,,,,,,,,,,,,,,,,,,Male
Prashant Sridhar Vaidya,,,,,,,,,,,,187.0,4.0,2.0,7.5,125.0,12.0,2,-,-,-,15.0,,,,,,,,,,,,Male
Prasidh Krishna,171.0,7.0,10.0,2.0,15.38,5,-,-,-,-,10.0,228.0,25.0,7.0,1.0,11.76,2.0,-,-,-,-,2.0,92.0,6.0,1.0,0.0,50.0,1.0,-,-,-,-,1.0,Male
Praveen Kumar,112.0,6.0,10.0,14.9,93.71,40,21,5,-,-,149.0,76.0,68.0,33.0,13.9,88.21,54.0,25,7,1,-,292.0,78.0,10.0,3.0,2.33,43.75,6.0,-,-,-,-,7.0,Male
Pravin Amre,84.0,11.0,13.0,42.5,37.74,103,44,3,3,1,425.0,62.0,37.0,30.0,20.52,64.2,84.0,28,2,2,-,513.0,,,,,,,,,,,,Male
Prince Yadav,,,,,,,,,,,,217.0,2.0,1.0,5.0,100.0,5.0,-,-,-,-,5.0,81.0,1.0,1.0,0.0,600.0,6.0,-,1,-,-,6.0,Male
Prithvi Shaw,93.0,5.0,9.0,42.37,86.04,134,48,2,2,1,339.0,95.0,6.0,6.0,31.5,113.85,49.0,32,2,-,-,189.0,,,,,,,,,,,,Male
RP Singh,120.0,14.0,19.0,7.25,42.02,30,16,1,-,-,116.0,122.0,58.0,20.0,10.4,42.97,23.0,5,1,-,-,104.0,88.0,10.0,2.0,0.0,100.0,2.0,-,-,-,-,3.0,Male
Raghuram Bhat,111.0,2.0,2.0,37.75,109.50,-,-,-,-,-,151.0,,,,,,,,,,,,,,,,,,,,,,,Male
Rahul Chahar,,,,,,,,,,,,189.0,1.0,1.0,13.0,52.0,13.0,-,-,-,-,13.0,84.0,6.0,1.0,5.0,100.0,5.0,1,-,-,-,5.0,Male
Rahul Dravid,2.0,164.0,286.0,52.31,42.51,270,1655,21,63,36,13288.0,5.0,344.0,318.0,39.16,71.23,153.0,950,42,83,12,10889.0,57.0,1.0,1.0,31.0,147.61,31.0,-,3,-,-,31.0,Male
Rahul Sanghvi,191.0,1.0,2.0,1.0,9.09,2,-,-,-,-,2.0,203.0,10.0,2.0,4.0,72.72,8.0,-,1,-,-,8.0,,,,,,,,,,,,Male
Rahul Sharma,,,,,,,,,,,,236.0,4.0,1.0,1.0,50.0,1.0,-,-,-,-,1.0,,,,,,,,,,,,Male
Rahul Tripathi,,,,,,,,,,,,,,,,,,,,,,,40.0,5.0,5.0,19.4,144.77,44.0,11,5,-,-,97.0,Male
Rajesh Chauhan,126.0,21.0,17.0,7.0,28.16,23,10,3,-,-,98.0,108.0,35.0,18.0,10.15,77.19,32.0,5,4,-,-,132.0,,,,,,,,,,,,Male
Rajinder Singh Ghai,,,,,,,,,,,,235.0,6.0,1.0,1.0,33.33,1.0,-,-,-,-,1.0,,,,,,,,,,,,Male
Raju Kulkarni,189.0,3.0,2.0,1.0,-,2,-,-,-,-,2.0,168.0,10.0,5.0,16.5,84.61,15.0,3,-,-,-,33.0,,,,,,,,,,,,Male
Raman Lamba,124.0,4.0,5.0,20.39,68.92,53,5,-,1,-,102.0,51.0,32.0,31.0,27.0,67.15,102.0,63,9,6,1,783.0,,,,,,,,,,,,Male
Ramandeep Singh,,,,,,,,,,,,,,,,,,,,,,,67.0,2.0,1.0,15.0,250.0,15.0,1,1,-,-,15.0,Male
Ramchandra Sudhakar Rao,,,,,,,,,,,,223.0,1.0,1.0,4.0,28.57,4.0,-,-,-,-,4.0,,,,,,,,,,,,Male
Ramesh Powar,168.0,2.0,2.0,6.5,72.22,7,2,-,-,-,13.0,99.0,31.0,19.0,11.64,62.69,54.0,12,2,1,-,163.0,,,,,,,,,,,,Male
Ramesh Saxena,163.0,1.0,2.0,12.5,29.06,16,3,-,-,-,25.0,,,,,,,,,,,,,,,,,,,,,,,Male
Ramnath Parkar,133.0,2.0,4.0,20.0,34.48,35,10,-,-,-,80.0,,,,,,,,,,,,,,,,,,,,,,,Male
Ravi Bishnoi,,,,,,,,,,,,222.0,1.0,1.0,0.0,200.0,4.0,1,-,-,-,4.0,48.0,46.0,14.0,9.28,125.0,10.0,9,1,-,-,65.0,Male
Ravi Shastri,21.0,80.0,121.0,35.79,48.22,206,317,22,12,11,3830.0,20.0,150.0,128.0,29.04,61.07,109.0,206,25,18,4,3108.0,,,,,,,,,,,,Male
Ravichandran Ashwin,23.0,106.0,151.0,25.75,54.53,124,399,23,14,6,3503.0,54.0,116.0,63.0,16.44,86.96,65.0,60,7,1,-,707.0,32.0,65.0,19.0,26.28,114.99,31.0,17,4,-,-,184.0,Male
Ravindra Jadeja,19.0,89.0,133.0,38.27,55.42,175,398,82,28,6,4095.0,24.0,210.0,142.0,32.27,85.54,87.0,210,55,13,-,2905.0,25.0,74.0,41.0,21.45,127.16,46.0,39,14,-,-,515.0,Male
Reetinder Sodhi,,,,,,,,,,,,80.0,18.0,14.0,25.45,73.49,67.0,16,6,2,-,280.0,,,,,,,,,,,,Male
Rinku Singh,,,,,,,,,,,,143.0,2.0,2.0,27.5,134.14,38.0,5,3,-,-,55.0,23.0,45.0,33.0,39.11,155.73,69.0,55,38,3,-,665.0,Male
Rishabh Pant,22.0,50.0,87.0,43.37,74.05,159,378,97,19,8,3557.0,46.0,31.0,27.0,33.5,106.21,125.0,91,26,5,1,871.0,13.0,76.0,66.0,23.25,127.26,65.0,111,44,3,-,1209.0,Male
Rishi Dhawan,,,,,,,,,,,,190.0,3.0,2.0,12.0,92.3,9.0,1,-,-,-,12.0,96.0,1.0,1.0,0.0,50.0,1.0,-,-,-,-,1.0,Male
Robin Uthappa,,,,,,,,,,,,43.0,46.0,42.0,25.94,90.59,86.0,107,19,6,-,934.0,30.0,13.0,12.0,24.9,118.0,50.0,26,6,1,-,249.0,Male
Roger Binny,62.0,27.0,41.0,23.05,68.54,83,64,5,5,-,830.0,56.0,72.0,49.0,16.12,60.13,57.0,51,1,1,-,629.0,,,,,,,,,,,,Male
Rohan Gavaskar,,,,,,,,,,,,104.0,11.0,10.0,18.87,64.52,54.0,8,2,1,-,151.0,,,,,,,,,,,,Male
Rohit Sharma,16.0,67.0,116.0,40.57,57.05,212,473,88,18,12,4301.0,3.0,285.0,277.0,48.83,92.97,264.0,1107,363,62,33,11720.0,1.0,159.0,151.0,32.05,140.89,121.0,383,205,32,5,4231.0,Male
Ruturaj Gaikwad,,,,,,,,,,,,86.0,9.0,8.0,28.5,89.76,105.0,28,2,1,1,228.0,24.0,23.0,20.0,39.56,143.53,123.0,65,24,4,1,633.0,Male
S Badrinath,139.0,2.0,3.0,21.0,35.39,56,8,-,1,-,63.0,134.0,7.0,6.0,15.8,45.93,27.0,4,-,-,-,79.0,51.0,1.0,1.0,43.0,116.21,43.0,5,-,-,-,43.0,Male
Saba Karim,166.0,1.0,1.0,15.0,32.60,15,2,-,-,-,15.0,71.0,34.0,27.0,15.73,64.64,55.0,27,2,1,-,362.0,,,,,,,,,,,,Male
Sachin Tendulkar,1.0,200.0,329.0,53.78,54.09,248,2058,69,68,51,15921.0,1.0,463.0,452.0,44.83,86.23,200.0,2016,195,96,49,18426.0,76.0,1.0,1.0,10.0,83.33,10.0,2,-,-,-,10.0,Male
Sadagoppan Ramesh,44.0,19.0,37.0,36.95,46.53,143,159,-,8,2,1367.0,55.0,24.0,24.0,28.08,59.15,82.0,70,1,6,-,646.0,,,,,,,,,,,,Male
Sadanand Viswanath,156.0,3.0,5.0,6.2,-,20,-,-,-,-,31.0,139.0,22.0,12.0,9.0,51.79,23.0,5,-,-,-,72.0,,,,,,,,,,,,Male
Sai Sudharsan,88.0,7.0,12.0,31.91,43.32,87,51,-,3,-,383.0,111.0,3.0,3.0,63.5,89.43,62.0,17,1,2,-,127.0,,,,,,,,,,,,Male
Sairaj Bahutule,150.0,2.0,4.0,13.0,37.14,21,3,1,-,-,39.0,178.0,8.0,4.0,7.66,79.31,11.0,2,-,-,-,23.0,,,,,,,,,,,,Male
Salil Ankola,184.0,1.0,1.0,6.0,54.54,6,1,-,-,-,6.0,167.0,20.0,13.0,3.77,80.95,9.0,1,1,-,-,34.0,,,,,,,,,,,,Male
Sameer Sudhakar Dighe,113.0,6.0,10.0,15.66,38.31,47,19,-,-,-,141.0,83.0,23.0,17.0,23.27,60.8,94.0,11,2,1,-,256.0,,,,,,,,,,,,Male
Sandeep Patil,41.0,29.0,47.0,36.09,75.51,174,197,9,7,4,1588.0,41.0,45.0,42.0,24.51,82.17,84.0,-,-,9,-,1005.0,,,,,,,,,,,,Male
Sandeep Sharma,,,,,,,,,,,,,,,,,,,,,,,93.0,2.0,1.0,0.0,100.0,1.0,-,-,-,-,1.0,Male
Sanjay Bangar,80.0,12.0,18.0,29.37,32.48,100,57,3,3,1,470.0,96.0,15.0,15.0,13.84,75.31,57.0,14,3,1,-,180.0,,,,,,,,,,,,Male
Sanjay Manjrekar,35.0,37.0,61.0,37.14,38.67,218,220,1,9,4,2043.0,28.0,74.0,70.0,33.23,64.3,105.0,99,10,15,1,1994.0,,,,,,,,,,,,Male
Sanjay Raul,,,,,,,,,,,,206.0,2.0,2.0,4.0,57.14,8.0,-,-,-,-,8.0,,,,,,,,,,,,Male
Sanju Samson,,,,,,,,,,,,63.0,16.0,14.0,56.66,99.6,108.0,34,22,3,1,510.0,11.0,65.0,57.0,27.01,155.42,111.0,116,84,6,3,1405.0,Male
Saradindu Purnendu Mukherjee,,,,,,,,,,,,230.0,3.0,1.0,0.0,100.0,2.0,-,-,-,-,2.0,,,,,,,,,,,,Male
Sarandeep Singh,149.0,3.0,2.0,43.0,31.61,39,1,-,-,-,43.0,154.0,5.0,4.0,15.66,64.38,19.0,6,-,-,-,47.0,,,,,,,,,,,,Male
Saurabh Tiwary,,,,,,,,,,,,153.0,3.0,2.0,0.0,87.5,37.0,5,1,-,-,49.0,,,,,,,,,,,,Male
Shahbaz Nadeem,192.0,2.0,3.0,0.5,3.33,1,-,-,-,-,1.0,,,,,,,,,,,,,,,,,,,,,,,Male
Shardul Thakur,89.0,13.0,21.0,18.85,59.84,67,46,9,4,-,377.0,74.0,47.0,25.0,17.31,105.11,50.0,31,9,1,-,329.0,46.0,25.0,6.0,23.0,181.57,22.0,5,4,-,-,69.0,Male
Shikhar Dhawan,30.0,34.0,58.0,40.61,66.94,190,316,12,5,7,2315.0,10.0,167.0,164.0,44.11,91.35,143.0,842,79,39,17,6793.0,6.0,68.0,66.0,27.92,126.36,92.0,191,50,11,-,1759.0,Male
Shiv Sunder Das,46.0,23.0,40.0,34.89,38.92,110,180,1,9,2,1326.0,163.0,4.0,4.0,13.0,50.64,30.0,2,1,-,-,39.0,,,,,,,,,,,,Male
Shivam Dube,,,,,,,,,,,,161.0,4.0,4.0,10.75,89.58,25.0,3,2,-,-,43.0,16.0,67.0,51.0,31.7,155.33,66.0,69,68,6,-,1078.0,Male
Shivam Mavi,,,,,,,,,,,,,,,,,,,,,,,59.0,6.0,2.0,14.0,155.55,26.0,2,2,-,-,28.0,Male
Shivlal Yadav,85.0,35.0,40.0,14.39,37.91,43,30,1,-,-,403.0,233.0,7.0,2.0,0.0,6.25,1.0,-,-,-,-,1.0,,,,,,,,,,,,Male
Shreyas Iyer,63.0,14.0,24.0,36.86,63.01,105,94,16,5,1,811.0,22.0,79.0,73.0,45.98,98.6,128.0,276,76,23,5,3035.0,14.0,54.0,50.0,30.38,135.89,74.0,98,45,9,-,1185.0,Male
Shubman Gill,25.0,41.0,74.0,44.31,61.85,269,333,47,8,11,2969.0,19.0,64.0,63.0,59.09,101.04,208.0,367,67,18,9,3191.0,18.0,36.0,36.0,28.03,138.59,126.0,98,26,3,1,869.0,Male
Siddarth Kaul,,,,,,,,,,,,238.0,3.0,2.0,0.5,33.33,1.0,-,-,-,-,1.0,,,,,,,,,,,,Male
Sourav Ganguly,7.0,113.0,188.0,42.17,51.25,239,900,57,35,16,7212.0,4.0,311.0,300.0,41.02,73.7,183.0,1122,190,72,22,11363.0,,,,,,,,,,,,Male
Sreesanth,95.0,27.0,40.0,10.4,52.13,35,38,4,-,-,281.0,157.0,53.0,21.0,4.0,36.36,10.0,2,-,-,-,44.0,63.0,10.0,3.0,20.0,142.85,19.0,4,-,-,-,20.0,Male
Sridharan Sriram,,,,,,,,,,,,132.0,8.0,7.0,13.5,60.0,57.0,9,-,1,-,81.0,,,,,,,,,,,,Male
Srinivas Venkataraghavan,67.0,57.0,76.0,11.68,120.65,64,49,3,2,-,748.0,145.0,15.0,9.0,10.8,42.85,26.0,3,-,-,-,54.0,,,,,,,,,,,,Male
Stuart Binny,104.0,6.0,10.0,21.55,58.25,78,23,1,1,-,194.0,85.0,14.0,11.0,28.75,93.49,77.0,23,5,1,-,230.0,56.0,3.0,2.0,17.5,120.68,24.0,2,1,-,-,35.0,Male
Subroto Banerjee,188.0,1.0,1.0,3.0,42.85,3,-,-,-,-,3.0,152.0,6.0,5.0,24.5,116.66,25.0,2,1,-,-,49.0,,,,,,,,,,,,Male
Sudeep Tyagi,,,,,,,,,,,,237.0,4.0,1.0,0.0,50.0,1.0,-,-,-,-,1.0,,,,,,,,,,,,Male
Sudhir Sakharam Naik,114.0,3.0,6.0,23.5,76.22,77,17,-,1,-,141.0,165.0,2.0,2.0,19.0,55.88,20.0,3,-,-,-,38.0,,,,,,,,,,,,Male
Sujith Somasunder,,,,,,,,,,,,186.0,2.0,2.0,8.0,25.39,9.0,1,-,-,-,16.0,,,,,,,,,,,,Male
Sunil Gavaskar,3.0,125.0,214.0,51.12,66.04,236,1016,26,45,34,10122.0,21.0,108.0,102.0,35.13,62.26,103.0,234,21,27,1,3092.0,,,,,,,,,,,,Male
Sunil Joshi,90.0,15.0,19.0,20.7,42.20,92,36,4,1,-,352.0,58.0,69.0,45.0,17.17,89.43,61.0,47,17,1,-,584.0,,,,,,,,,,,,Male
Suresh Raina,65.0,18.0,31.0,26.48,53.14,120,100,4,7,1,768.0,11.0,226.0,194.0,35.31,93.5,116.0,476,120,36,5,5615.0,8.0,78.0,66.0,29.18,134.87,101.0,145,58,5,1,1605.0,Male
Surinder Amarnath,77.0,10.0,18.0,30.55,-,124,42,1,3,1,550.0,124.0,3.0,3.0,33.33,84.03,62.0,4,-,1,-,100.0,,,,,,,,,,,,Male
Surinder Khanna,,,,,,,,,,,,97.0,10.0,10.0,22.0,66.41,56.0,16,2,2,-,176.0,,,,,,,,,,,,Male
Suru Nayak,164.0,2.0,3.0,9.5,38.77,11,3,-,-,-,19.0,224.0,4.0,1.0,3.0,15.78,3.0,-,-,-,-,3.0,,,,,,,,,,,,Male
Surya Kumar Yadav,177.0,1.0,1.0,8.0,40,8,1,-,-,-,8.0,52.0,37.0,35.0,25.76,105.02,72.0,80,19,4,-,773.0,3.0,113.0,107.0,36.35,162.94,117.0,297,179,25,4,3272.0,Male
Suryansh Shedge,,,,,,,,,,,,,,,,,,,,,,,95.0,1.0,1.0,1.0,20.0,1.0,-,-,-,-,1.0,Male
Syed Abid Ali,54.0,29.0,53.0,20.36,108.76,81,84,-,6,-,1018.0,125.0,5.0,3.0,31.0,70.45,70.0,6,1,1,-,93.0,,,,,,,,,,,,Male
Syed Khaleel Ahmed,,,,,,,,,,,,199.0,11.0,3.0,4.5,52.94,5.0,1,-,-,-,9.0,91.0,18.0,2.0,0.0,50.0,1.0,-,-,-,-,1.0,Male
Syed Kirmani,26.0,88.0,124.0,26.79,62.39,102,246,3,12,2,2759.0,70.0,49.0,31.0,20.72,60.55,48.0,24,-,-,-,373.0,,,,,,,,,,,,Male
T. Natarajan,193.0,1.0,1.0,0.0,11.11,1,-,-,-,-,1.0,,,,,,,,,,,,,,,,,,,,,,,Male
Thirunavukkarasu Kumaran,,,,,,,,,,,,184.0,8.0,3.0,6.33,70.37,8.0,2,-,-,-,19.0,,,,,,,,,,,,Male
Tinu Yohannan,167.0,3.0,4.0,0.0,43.33,8,1,-,-,-,13.0,208.0,3.0,2.0,0.0,63.63,5.0,-,-,-,-,7.0,,,,,,,,,,,,Male
Tirumalai Srinivasan,147.0,1.0,2.0,24.0,25.80,29,6,-,-,-,48.0,197.0,2.0,2.0,5.0,28.57,6.0,-,-,-,-,10.0,,,,,,,,,,,,Male
Umesh Yadav,81.0,57.0,68.0,11.21,52.09,31,42,24,-,-,460.0,133.0,75.0,24.0,7.9,58.95,18.0,8,1,-,-,79.0,62.0,9.0,2.0,22.0,104.76,20.0,2,-,-,-,22.0,Male
Umran Malik,,,,,,,,,,,,229.0,10.0,4.0,2.0,18.18,2.0,-,-,-,-,2.0,83.0,8.0,2.0,0.0,250.0,4.0,1,-,-,-,5.0,Male
Utpal Subodh Chatterjee,,,,,,,,,,,,213.0,3.0,2.0,6.0,20.0,3.0,-,-,-,-,6.0,,,,,,,,,,,,Male
VVS Laxman,5.0,134.0,225.0,45.97,49.37,281,1135,5,56,17,8781.0,27.0,86.0,83.0,30.76,71.23,131.0,222,4,10,6,2338.0,,,,,,,,,,,,Male
Vaibhav Sooryavanshi,,,,,,,,,,,,,,,,,,,,,,,69.0,1.0,1.0,14.0,140.0,14.0,-,2,-,-,14.0,Male
Vakkadai Biksheswaran Chandrasekhar,,,,,,,,,,,,128.0,7.0,7.0,12.57,54.32,53.0,11,-,1,-,88.0,,,,,,,,,,,,Male
Varun Aaron,153.0,9.0,14.0,3.88,31.81,9,4,-,-,-,35.0,204.0,9.0,3.0,8.0,53.33,6.0,1,-,-,-,8.0,,,,,,,,,,,,Male
Varun Chakaravarthy,,,,,,,,,,,,,,,,,,,,,,,87.0,46.0,10.0,0.75,20.0,1.0,-,-,-,-,3.0,Male
Venkatapathy Raju,98.0,28.0,34.0,10.0,31.75,31,12,-,-,-,240.0,170.0,53.0,16.0,4.0,47.76,8.0,1,-,-,-,32.0,,,,,,,,,,,,Male
Venkatesh Iyer,,,,,,,,,,,,177.0,2.0,2.0,12.0,60.0,22.0,-,1,-,-,24.0,35.0,9.0,7.0,33.25,162.19,35.0,15,5,-,-,133.0,Male
Venkatesh Prasad,103.0,33.0,47.0,7.51,28.87,30,11,-,-,-,203.0,89.0,161.0,63.0,6.9,60.21,19.0,7,5,-,-,221.0,,,,,,,,,,,,Male
Venugopal Rao,,,,,,,,,,,,90.0,16.0,11.0,24.22,60.05,61.0,16,3,1,-,218.0,,,,,,,,,,,,Male
Vijay Bharadwaj,159.0,3.0,3.0,9.33,19.31,22,2,-,-,-,28.0,107.0,10.0,9.0,27.2,70.1,41.0,15,1,-,-,136.0,,,,,,,,,,,,Male
Vijay Dahiya,190.0,2.0,1.0,0.0,40.00,2,-,-,-,-,2.0,91.0,19.0,15.0,16.61,80.89,51.0,18,3,1,-,216.0,,,,,,,,,,,,Male
Vijay Shankar,,,,,,,,,,,,88.0,12.0,8.0,31.85,90.65,46.0,20,4,-,-,223.0,39.0,9.0,4.0,25.25,138.35,43.0,11,5,-,-,101.0,Male
Vijay Yadav,157.0,1.0,1.0,30.0,120.00,30,3,2,-,-,30.0,116.0,19.0,12.0,11.8,101.72,34.0,7,2,-,-,118.0,,,,,,,,,,,,Male
Vikram Rathour,116.0,6.0,10.0,13.1,34.20,44,13,-,-,-,131.0,94.0,7.0,7.0,27.57,58.3,54.0,16,1,2,-,193.0,,,,,,,,,,,,Male
Vikram Singh,148.0,5.0,6.0,11.75,111.90,29,9,-,-,-,47.0,205.0,2.0,1.0,8.0,61.53,8.0,1,-,-,-,8.0,,,,,,,,,,,,Male
Vinay Kumar,170.0,1.0,2.0,5.5,45.83,6,2,-,-,-,11.0,129.0,31.0,13.0,9.55,58.9,27.0,5,2,-,-,86.0,90.0,9.0,1.0,0.0,50.0,2.0,-,-,-,-,2.0,Male
Vinod Kambli,50.0,17.0,21.0,54.2,59.66,227,124,6,3,4,1084.0,26.0,104.0,97.0,32.59,71.94,106.0,187,20,14,2,2477.0,,,,,,,,,,,,Male
Virat Kohli,4.0,123.0,210.0,46.85,55.57,254,1027,30,31,30,9230.0,2.0,311.0,299.0,58.71,93.82,183.0,1376,168,77,54,14797.0,2.0,125.0,117.0,48.69,137.04,122.0,369,124,38,1,4188.0,Male
Virender Sehwag,6.0,104.0,180.0,49.34,82.23,319,1233,91,32,23,8586.0,9.0,251.0,245.0,35.05,104.33,219.0,1132,136,38,15,8273.0,26.0,19.0,18.0,21.88,145.38,68.0,43,16,2,-,394.0,Male
Vivek Razdan,183.0,2.0,2.0,6.0,60.00,6,1,-,-,-,6.0,180.0,3.0,3.0,11.5,85.18,18.0,3,-,-,-,23.0,,,,,,,,,,,,Male
Washington Sundar,58.0,18.0,30.0,44.61,46.89,101,80,20,6,1,937.0,69.0,32.0,21.0,20.57,83.01,51.0,26,11,1,-,391.0,29.0,61.0,26.0,16.11,129.24,50.0,21,14,1,-,274.0,Male
Wasim Jaffer,37.0,31.0,58.0,34.1,48.05,212,272,3,11,5,1944.0,196.0,2.0,2.0,5.0,43.47,10.0,2,-,-,-,10.0,,,,,,,,,,,,Male
Woorkeri Raman,82.0,11.0,19.0,24.88,37.86,96,55,1,4,-,448.0,57.0,27.0,27.0,23.73,55.63,114.0,47,5,3,1,617.0,,,,,,,,,,,,Male
Wriddhiman Saha,45.0,40.0,56.0,29.41,45.50,117,129,14,6,3,1353.0,162.0,9.0,5.0,13.66,73.21,16.0,5,-,-,-,41.0,,,,,,,,,,,,Male
Yajurvindra Singh,121.0,4.0,7.0,18.16,30.70,43,9,-,-,-,109.0,,,,,,,,,,,,,,,,,,,,,,,Male
Yashasvi Jaiswal,28.0,29.0,54.0,48.75,66.1,214,317,45,13,7,2535.0,79.0,6.0,6.0,71.25,97.6,116.0,34,7,-,2,285.0,20.0,23.0,22.0,36.15,164.31,100.0,82,38,5,1,723.0,Male
Yashpal Sharma,39.0,37.0,59.0,33.46,44.39,140,140,7,9,2,1606.0,45.0,42.0,40.0,28.48,63.02,89.0,-,-,4,-,883.0,,,,,,,,,,,,Male
Yograj Singh,173.0,1.0,2.0,5.0,20.00,6,1,-,-,-,10.0,234.0,6.0,4.0,0.5,8.33,1.0,-,-,-,-,1.0,,,,,,,,,,,,Male
Yusuf Pathan,,,,,,,,,,,,49.0,57.0,41.0,27.0,113.6,123.0,62,43,3,2,810.0,31.0,22.0,18.0,18.15,146.58,37.0,11,17,-,-,236.0,Male
Yuvraj Singh,38.0,40.0,62.0,33.92,57.97,169,260,22,11,3,1900.0,8.0,304.0,278.0,36.55,87.67,150.0,908,155,52,14,8701.0,15.0,58.0,51.0,28.02,136.38,77.0,77,74,8,-,1177.0,Male
Yuzvendra Chahal,,,,,,,,,,,,135.0,72.0,14.0,8.55,54.6,18.0,8,-,-,-,77.0,79.0,80.0,6.0,3.0,46.15,3.0,-,-,-,-,6.0,Male
Zaheer Khan,48.0,92.0,127.0,11.95,51.70,75,141,28,3,-,1230.0,50.0,200.0,101.0,12.0,73.46,34.0,69,24,-,-,792.0,70.0,17.0,4.0,6.5,130.0,9.0,-,1,-,-,13.0,Male
Amanjot Kaur,,,,,,,,,,,,46.0,17.0,17.0,21.41,77.17,57.0,24,1,1,-,257.0,22.0,23.0,14.0,23.62,127.7,63.0,25,1,1,-,189.0,Female
Amita Sharma,43.0,5.0,7.0,13.66,43.85,50.0,14,-,1,-,82.0,17.0,116.0,73.0,16.83,68.59,51.0,95,7,1,-,926.0,13.0,41.0,34.0,14.73,-,55.0,-,-,1,-,383.0,Female
Amrita Pratapsinh Shinde,66.0,1.0,1.0,29.0,-,29.0,-,-,-,-,29.0,69.0,5.0,5.0,23.25,55.35,78.0,13,-,1,-,93.0,,,,,,,,,,,,Female
Anagha Deshpande,,,,,,,,,,,,30.0,23.0,23.0,18.81,58.06,47.0,49,1,-,-,414.0,34.0,8.0,7.0,11.5,61.6,28.0,5,-,-,-,69.0,Female
Anjali Pendharker,26.0,5.0,8.0,27.25,-,81.0,-,-,2,-,218.0,43.0,19.0,19.0,16.75,-,47.0,-,-,-,-,268.0,,,,,,,,,,,,Female
Anjali Sarvani,,,,,,,,,,,,,,,,,,,,,,,68.0,6.0,2.0,6.0,42.85,4.0,-,-,-,-,6.0,Female
Anjali Sharma,,,,,,,,,,,,138.0,3.0,3.0,0.33,-,1.0,-,-,-,-,1.0,,,,,,,,,,,,Female
Anju Jain,12.0,8.0,12.0,36.75,-,110.0,-,-,3,1,441.0,9.0,65.0,65.0,29.81,-,90.0,-,-,12,-,1729.0,,,,,,,,,,,,Female
Anjum Chopra,9.0,12.0,20.0,30.44,-,98.0,-,-,4,-,548.0,4.0,127.0,112.0,31.38,-,100.0,-,-,18,1,2856.0,19.0,18.0,16.0,17.21,-,37.0,-,-,-,-,241.0,Female
Anuja Patil,,,,,,,,,,,,,,,,,,,,,,,11.0,50.0,35.0,17.54,108.73,54.0,43,1,1,-,386.0,Female
Anushka Sharma,,,,,,,,,,,,,,,,,,,,,,,33.0,3.0,3.0,24.0,102.85,28.0,9,-,-,-,72.0,Female
Arati Vaidya,32.0,3.0,6.0,27.8,-,39.0,-,-,-,-,139.0,53.0,6.0,6.0,27.0,45.63,77.0,14,-,1,-,162.0,,,,,,,,,,,,Female
Archana Das,,,,,,,,,,,,93.0,11.0,6.0,11.66,55.55,17.0,-,1,-,-,35.0,64.0,23.0,10.0,2.66,44.44,2.0,-,-,-,-,8.0,Female
Arunadhati Ghosh,33.0,8.0,12.0,13.4,-,41.0,-,-,-,-,134.0,63.0,11.0,11.0,15.42,-,45.0,-,-,-,-,108.0,,,,,,,,,,,,Female
Arundhati Kirkire,87.0,1.0,1.0,3.0,-,3.0,-,-,-,-,3.0,37.0,30.0,23.0,19.0,-,106.0,-,-,1,1,304.0,,,,,,,,,,,,Female
Arundhati Reddy,,,,,,,,,,,,82.0,11.0,7.0,9.66,63.73,14.0,2,-,-,-,58.0,24.0,54.0,24.0,8.76,94.3,27.0,15,1,-,-,149.0,Female
Asha Rawat,77.0,1.0,1.0,9.0,25,9.0,1,-,-,-,9.0,41.0,20.0,9.0,40.85,72.95,97.0,27,3,3,-,286.0,,,,,,,,,,,,Female
Babita Mandlik,,,,,,,,,,,,125.0,3.0,3.0,3.0,18.75,5.0,-,-,-,-,6.0,75.0,2.0,1.0,3.0,42.85,3.0,-,-,-,-,3.0,Female
Bareddy Anusha,,,,,,,,,,,,135.0,1.0,1.0,2.0,40,2.0,-,-,-,-,2.0,,,,,,,,,,,,Female
Bharti Fulmali,,,,,,,,,,,,,,,,,,,,,,,32.0,7.0,6.0,12.16,93.58,40.0,7,2,-,-,73.0,Female
Bindeshwari Goyal,89.0,3.0,3.0,0.5,-,1.0,-,-,-,-,1.0,136.0,4.0,1.0,0.0,25,1.0,-,-,-,-,1.0,,,,,,,,,,,,Female
Challuru Prathyusha,,,,,,,,,,,,134.0,1.0,1.0,2.0,66.66,2.0,-,-,-,-,2.0,,,,,,,,,,,,Female
Chanderkanta Kaul,16.0,5.0,9.0,35.33,-,75.0,-,-,3,-,318.0,22.0,31.0,29.0,23.69,-,80.0,-,-,3,-,616.0,,,,,,,,,,,,Female
Dayalan Hemalatha,,,,,,,,,,,,65.0,12.0,8.0,12.12,58.08,35.0,7,3,-,-,97.0,17.0,23.0,21.0,16.23,111.74,47.0,28,8,-,-,276.0,Female
Deepa Madhukar Marathe,47.0,5.0,6.0,11.16,-,40.0,-,-,-,-,67.0,66.0,59.0,26.0,7.38,-,21.0,-,-,-,-,96.0,,,,,,,,,,,,Female
Deepti Sharma,15.0,6.0,10.0,47.85,42.62,78.0,44,1,4,-,335.0,5.0,124.0,106.0,35.98,70.43,188.0,263,19,18,1,2771.0,7.0,149.0,96.0,22.67,107.26,64.0,115,8,2,-,1270.0,Female
Devika Palshikar,80.0,1.0,2.0,3.5,7.52,6.0,-,-,-,-,7.0,79.0,15.0,9.0,13.2,67.34,22.0,4,-,-,-,66.0,,,,,,,,,,,,Female
Devika Vaidya,,,,,,,,,,,,51.0,12.0,9.0,25.57,67.29,89.0,21,-,1,-,179.0,30.0,17.0,8.0,22.5,98.9,32.0,7,1,-,-,90.0,Female
Diana David,,,,,,,,,,,,85.0,15.0,11.0,4.72,36.87,24.0,4,-,-,-,52.0,51.0,13.0,7.0,3.0,65.21,7.0,-,-,-,-,15.0,Female
Diana Edulji,13.0,20.0,30.0,16.16,-,57.0,-,-,1,-,404.0,48.0,34.0,30.0,8.79,-,25.0,-,-,-,-,211.0,,,,,,,,,,,,Female
Ekta Bisht,,,,,,,,,,,,52.0,63.0,36.0,8.19,63.46,18.0,15,-,-,-,172.0,40.0,42.0,14.0,5.0,66.66,15.0,2,1,-,-,40.0,Female
Fowzieh Khalili,14.0,8.0,15.0,26.69,-,84.0,-,-,3,-,347.0,45.0,13.0,13.0,19.84,-,88.0,-,-,1,-,258.0,,,,,,,,,,,,Female
Gargi Banerji,6.0,12.0,22.0,27.9,-,75.0,-,-,6,-,614.0,31.0,26.0,26.0,15.73,-,61.0,-,-,2,-,409.0,,,,,,,,,,,,Female
Gouher Sultana,,,,,,,,,,,,67.0,50.0,23.0,10.66,30.86,22.0,6,-,-,-,96.0,66.0,37.0,5.0,6.0,75,3.0,-,-,-,-,6.0,Female
Gunalan Kamalini,,,,,,,,,,,,,,,,,,,,,,,56.0,1.0,1.0,12.0,100,12.0,2,-,-,-,12.0,Female
Harleen Deol,,,,,,,,,,,,13.0,38.0,35.0,32.24,76.49,115.0,112,7,4,1,1064.0,16.0,28.0,20.0,17.27,92.01,52.0,37,1,1,-,311.0,Female
Harmanpreet Kaur,25.0,7.0,11.0,23.0,57.07,69.0,27,-,1,-,230.0,3.0,164.0,143.0,37.22,76.86,171.0,448,57,24,7,4541.0,2.0,202.0,181.0,30.33,-,103.0,-,-,18,1,4216.0,Female
Hemlata Kala,10.0,7.0,10.0,50.3,-,110.0,-,-,3,2,503.0,14.0,78.0,59.0,20.87,-,65.0,-,-,3,-,1023.0,71.0,1.0,1.0,0.0,62.5,5.0,-,-,-,-,5.0,Female
Jaya Sharma,70.0,1.0,1.0,24.0,32,24.0,2,-,-,-,24.0,7.0,77.0,75.0,30.75,-,138.0,-,-,14,2,2091.0,72.0,1.0,1.0,5.0,100,5.0,1,-,-,-,5.0,Female
Jemimah Rodrigues,17.0,4.0,7.0,50.16,65.86,73.0,45,-,4,-,301.0,8.0,62.0,59.0,34.15,90.31,127.0,198,5,8,3,1810.0,4.0,131.0,118.0,29.41,119,76.0,319,28,16,-,2824.0,Female
Jhulan Goswami,18.0,12.0,15.0,24.25,-,69.0,-,-,2,-,291.0,10.0,204.0,121.0,14.61,-,57.0,-,-,1,-,1228.0,10.0,68.0,46.0,10.94,-,37.0,-,-,-,-,405.0,Female
Jyotsna Patel,84.0,2.0,2.0,2.0,-,2.0,-,-,-,-,4.0,,,,,,,,,,,,,,,,,,,,,,,Female
Kalpan Paropkari,,,,,,,,,,,,102.0,3.0,3.0,7.66,-,13.0,-,-,-,-,23.0,,,,,,,,,,,,Female
Kalyani Dhokarikar,69.0,1.0,2.0,25.0,-,21.0,-,-,-,-,25.0,99.0,8.0,6.0,4.8,28.23,11.0,1,-,-,-,24.0,,,,,,,,,,,,Female
Kanika Ahuja,,,,,,,,,,,,,,,,,,,,,,,50.0,3.0,2.0,16.0,114.28,15.0,1,-,-,-,16.0,Female
Karu Jain,27.0,5.0,9.0,21.66,33.21,40.0,27,-,-,-,195.0,15.0,44.0,40.0,29.02,51.37,103.0,114,-,9,1,987.0,62.0,9.0,3.0,4.5,42.85,8.0,-,-,-,-,9.0,Female
Kashvee Gautam,62.0,1.0,2.0,34.0,58.62,34.0,3,-,-,-,34.0,71.0,6.0,5.0,22.5,92.78,43.0,8,3,-,-,90.0,60.0,3.0,1.0,10.0,125,10.0,-,1,-,-,10.0,Female
Kiran Prabhu Navgire,,,,,,,,,,,,,,,,,,,,,,,49.0,6.0,4.0,5.66,89.47,10.0,2,-,-,-,17.0,Female
Kranti Gaud,90.0,1.0,2.0,1.0,16.66,1.0,-,-,-,-,1.0,90.0,17.0,9.0,8.8,70.96,19.0,5,-,-,-,44.0,48.0,14.0,4.0,8.5,130.76,12.0,2,1,-,-,17.0,Female
Latika Kumari,,,,,,,,,,,,,,,,,,,,,,,37.0,6.0,6.0,10.16,63.54,36.0,7,-,-,-,61.0,Female
Laya Francis,81.0,4.0,4.0,1.5,13.95,4.0,-,-,-,-,6.0,114.0,11.0,5.0,2.6,-,6.0,-,-,-,-,13.0,,,,,,,,,,,,Female
Lopamudra Bhattacharj,79.0,1.0,1.0,7.0,-,7.0,-,-,-,-,7.0,92.0,15.0,12.0,4.44,-,14.0,-,-,-,-,40.0,,,,,,,,,,,,Female
Madhuri Mehta,,,,,,,,,,,,97.0,2.0,2.0,12.5,39.06,23.0,1,-,-,-,25.0,46.0,3.0,2.0,11.5,62.16,23.0,3,-,-,-,23.0,Female
Mamatha Kanojia,,,,,,,,,,,,81.0,7.0,4.0,15.25,49.19,30.0,5,1,-,-,61.0,59.0,4.0,3.0,3.33,-,6.0,-,-,-,-,10.0,Female
Mamatha Maben,35.0,4.0,4.0,31.25,-,50.0,-,-,1,-,125.0,32.0,40.0,30.0,17.95,-,53.0,-,-,1,-,359.0,,,,,,,,,,,,Female
Manimala Singhal,38.0,6.0,10.0,14.5,-,44.0,-,-,-,-,116.0,117.0,6.0,4.0,3.0,-,5.0,-,-,-,-,12.0,,,,,,,,,,,,Female
Manju Nadgoda,,,,,,,,,,,,140.0,1.0,1.0,1.0,7.69,1.0,-,-,-,-,1.0,,,,,,,,,,,,Female
Mansi Joshi,,,,,,,,,,,,107.0,14.0,4.0,6.66,62.5,12.0,2,-,-,-,20.0,67.0,8.0,3.0,0.0,31.57,3.0,-,-,-,-,6.0,Female
Meghna Singh,88.0,1.0,1.0,0.0,33.33,2.0,-,-,-,-,2.0,94.0,17.0,8.0,11.0,67.34,12.0,4,-,-,-,33.0,80.0,9.0,2.0,0.5,50,1.0,-,-,-,-,1.0,Female
Minnu Mani,,,,,,,,,,,,84.0,3.0,2.0,54.0,96.42,46.0,5,-,-,-,54.0,69.0,4.0,2.0,6.0,120,5.0,1,-,-,-,6.0,Female
Minoti Desai,52.0,1.0,2.0,28.0,-,54.0,-,-,1,-,56.0,,,,,,,,,,,,,,,,,,,,,,,Female
Mithali Raj,4.0,12.0,19.0,43.68,39.90,214.0,86,-,4,1,699.0,1.0,232.0,211.0,50.68,67.54,125.0,805,19,64,7,7805.0,5.0,89.0,84.0,37.52,97.45,97.0,240,13,17,-,2364.0,Female
Mithu Mukherjee,45.0,4.0,8.0,10.85,-,28.0,-,-,-,-,76.0,,,,,,,,,,,,,,,,,,,,,,,Female
Mona Meshram,,,,,,,,,,,,33.0,26.0,21.0,18.52,53.74,78.0,38,4,3,-,352.0,26.0,11.0,9.0,17.85,78.61,32.0,8,-,-,-,125.0,Female
Monica Patel,,,,,,,,,,,,116.0,2.0,2.0,6.5,37.14,9.0,1,-,-,-,13.0,,,,,,,,,,,,Female
Monica Sumra,50.0,3.0,6.0,10.16,16.13,29.0,6,-,-,-,61.0,38.0,14.0,12.0,27.63,51.35,63.0,31,-,3,-,304.0,,,,,,,,,,,,Female
Neeta Kadam,86.0,1.0,1.0,3.0,-,3.0,-,-,-,-,3.0,110.0,2.0,1.0,17.0,-,17.0,-,-,-,-,17.0,,,,,,,,,,,,Female
Neetu David,68.0,10.0,11.0,6.25,-,11.0,-,-,-,-,25.0,76.0,97.0,30.0,4.93,36.27,18.0,5,-,-,-,74.0,,,,,,,,,,,,Female
Neha Tanwar,,,,,,,,,,,,87.0,5.0,5.0,9.4,32.41,19.0,7,-,-,-,47.0,47.0,2.0,2.0,9.5,46.34,17.0,1,-,-,-,19.0,Female
Nilima Jogalekar,29.0,5.0,9.0,18.44,-,41.0,-,-,-,-,166.0,50.0,20.0,20.0,11.35,-,38.0,-,-,-,-,193.0,,,,,,,,,,,,Female
Niranjana Nagarajan,67.0,2.0,1.0,27.0,32.53,27.0,4,-,-,-,27.0,77.0,22.0,12.0,8.75,64.22,12.0,9,-,-,-,70.0,38.0,14.0,8.0,7.0,110.52,15.0,5,-,-,-,42.0,Female
Nooshin Al Khadeer,56.0,5.0,7.0,9.2,23.83,16.0,6,-,-,-,46.0,55.0,78.0,27.0,8.05,48.88,21.0,16,-,-,-,153.0,,,,,,,,,,,,Female
Nuzhat Parween,,,,,,,,,,,,,,,,,,,,,,,81.0,5.0,1.0,1.0,33.33,1.0,-,-,-,-,1.0,Female
Pooja Vastrakar,39.0,5.0,6.0,27.75,35.35,47.0,20,-,-,-,111.0,23.0,33.0,28.0,25.43,87.05,67.0,51,11,4,-,585.0,15.0,72.0,43.0,13.83,114.48,37.0,34,5,-,-,332.0,Female
Poonam Yadav,,,,,,,,,,,,68.0,58.0,21.0,7.91,41.66,15.0,9,-,-,-,95.0,52.0,72.0,11.0,2.8,60.86,4.0,-,-,-,-,14.0,Female
Pramila S Bhatt,37.0,5.0,7.0,24.6,-,42.0,-,-,-,-,123.0,59.0,22.0,15.0,12.36,-,33.0,-,-,-,-,136.0,,,,,,,,,,,,Female
Pratika Rawal,44.0,1.0,2.0,40.5,45,63.0,11,-,1,-,81.0,12.0,27.0,26.0,47.56,82.34,154.0,141,10,8,2,1189.0,,,,,,,,,,,,Female
Preeti Bose,,,,,,,,,,,,,,,,,,,,,,,77.0,5.0,1.0,0.0,33.33,2.0,-,-,-,-,2.0,Female
Preeti Dimri,73.0,2.0,3.0,19.0,38,19.0,4,-,-,-,19.0,100.0,23.0,5.0,11.5,74.19,12.0,2,1,-,-,23.0,,,,,,,,,,,,Female
Prema Rawat,,,,,,,,,,,,,,,,,,,,,,,76.0,1.0,1.0,0.0,150,3.0,-,-,-,-,3.0,Female
Priya Mishra,,,,,,,,,,,,124.0,9.0,4.0,3.0,20,5.0,-,-,-,-,6.0,,,,,,,,,,,,Female
Priya Punia,,,,,,,,,,,,42.0,12.0,11.0,27.3,57.11,75.0,31,1,2,-,273.0,63.0,3.0,3.0,3.0,52.94,4.0,1,-,-,-,9.0,Female
Priyanka Roy,,,,,,,,,,,,35.0,27.0,22.0,16.65,51.38,69.0,34,-,1,-,333.0,28.0,15.0,10.0,10.55,87.15,22.0,8,-,-,-,95.0,Female
Punam Raut,19.0,4.0,7.0,44.0,32.91,130.0,33,-,-,1,264.0,6.0,73.0,73.0,34.83,58.26,109.0,261,6,15,3,2299.0,9.0,35.0,31.0,27.65,92.17,75.0,81,-,4,-,719.0,Female
Purnima Choudhary,,,,,,,,,,,,108.0,5.0,4.0,20.0,66.66,11.0,1,-,-,-,20.0,,,,,,,,,,,,Female
Purnima Rau,36.0,5.0,8.0,15.37,-,33.0,-,-,-,-,123.0,26.0,33.0,27.0,21.5,-,67.0,-,-,2,-,516.0,,,,,,,,,,,,Female
Radha Yadav,,,,,,,,,,,,64.0,14.0,8.0,17.5,86.77,48.0,10,-,-,-,105.0,29.0,91.0,26.0,5.47,95.87,14.0,5,1,-,-,93.0,Female
Raghvi Anand Singh Bist,,,,,,,,,,,,,,,,,,,,,,,42.0,2.0,2.0,36.0,120,31.0,2,1,-,-,36.0,Female
Rajani Venugopal,21.0,6.0,10.0,25.8,-,58.0,-,-,3,-,258.0,70.0,9.0,8.0,13.14,-,54.0,-,-,1,-,92.0,,,,,,,,,,,,Female
Rajeshwari Dholakia,59.0,4.0,6.0,20.0,-,24.0,-,-,-,-,40.0,58.0,13.0,13.0,12.54,-,35.0,-,-,-,-,138.0,,,,,,,,,,,,Female
Rajeshwari Gayakwad,,,,,,,,,,,,105.0,64.0,20.0,2.33,23.59,5.0,1,-,-,-,21.0,55.0,58.0,9.0,12.0,57.14,5.0,1,-,-,-,12.0,Female
Rajeshwari Goyal,,,,,,,,,,,,130.0,5.0,2.0,2.0,100,2.0,-,-,-,-,2.0,,,,,,,,,,,,Female
Ravi Kalpana,,,,,,,,,,,,126.0,7.0,3.0,2.0,16,3.0,-,-,-,-,4.0,,,,,,,,,,,,Female
Reema Malhotra,71.0,1.0,2.0,23.0,31.94,12.0,3,-,-,-,23.0,28.0,41.0,33.0,21.0,51.5,59.0,36,-,1,-,462.0,27.0,22.0,14.0,19.16,72.32,32.0,7,-,-,-,115.0,Female
Rekha Godbole,83.0,1.0,1.0,6.0,-,6.0,-,-,-,-,6.0,75.0,4.0,4.0,26.0,-,44.0,-,-,-,-,78.0,,,,,,,,,,,,Female
Rekha Punekar,55.0,2.0,3.0,16.33,-,47.0,-,-,-,-,49.0,,,,,,,,,,,,,,,,,,,,,,,Female
Renu Margrate,51.0,5.0,6.0,14.5,-,27.0,-,-,-,-,58.0,74.0,23.0,15.0,7.09,63.41,21.0,8,-,-,-,78.0,,,,,,,,,,,,Female
Renuka Thakur,76.0,3.0,2.0,4.5,56.25,8.0,2,-,-,-,9.0,106.0,29.0,16.0,2.33,37.5,8.0,2,-,-,-,21.0,54.0,65.0,9.0,4.33,86.66,4.0,1,-,-,-,13.0,Female
Reshma Gandhi,,,,,,,,,,,,60.0,2.0,2.0,0.0,-,104.0,-,-,-,1,122.0,,,,,,,,,,,,Female
Richa Ghosh,30.0,3.0,5.0,32.4,60.22,86.0,27,-,2,-,162.0,11.0,54.0,52.0,28.76,102.45,96.0,126,38,7,-,1208.0,6.0,88.0,74.0,27.2,144.57,64.0,154,46,2,-,1333.0,Female
Rishijae Mudgel,65.0,2.0,4.0,10.0,24,24.0,1,-,-,-,30.0,112.0,6.0,4.0,3.75,18.51,15.0,-,-,-,-,15.0,,,,,,,,,,,,Female
Rita Dey,42.0,2.0,4.0,28.0,-,46.0,-,-,-,-,84.0,73.0,6.0,5.0,16.8,-,33.0,-,-,-,-,84.0,,,,,,,,,,,,Female
Rita Patel,,,,,,,,,,,,139.0,1.0,1.0,1.0,-,1.0,-,-,-,-,1.0,,,,,,,,,,,,Female
Ritu Dhrub,,,,,,,,,,,,132.0,3.0,1.0,2.0,15.38,2.0,-,-,-,-,2.0,79.0,3.0,1.0,0.0,100,2.0,-,-,-,-,2.0,Female
Rumeli Dhar,24.0,4.0,8.0,29.5,39.53,57.0,33,-,1,-,236.0,16.0,78.0,60.0,19.61,60.89,92.0,83,8,6,-,961.0,25.0,18.0,11.0,18.71,88.51,66.0,10,-,1,-,131.0,Female
Runa Basu,72.0,5.0,6.0,3.33,-,5.0,-,-,-,-,20.0,96.0,6.0,5.0,13.0,-,10.0,-,-,-,-,26.0,,,,,,,,,,,,Female
Rupanjali Shastri,74.0,1.0,2.0,7.5,-,11.0,-,-,-,-,15.0,61.0,12.0,9.0,16.42,-,29.0,-,-,-,-,115.0,,,,,,,,,,,,Female
Sabbhineni Meghana,,,,,,,,,,,,62.0,3.0,3.0,38.0,108.57,61.0,17,2,1,-,114.0,18.0,17.0,16.0,18.42,102.78,69.0,38,3,1,-,258.0,Female
Saika Ishaque,,,,,,,,,,,,,,,,,,,,,,,65.0,3.0,1.0,8.0,88.88,8.0,1,-,-,-,8.0,Female
Saima Thakor,,,,,,,,,,,,88.0,10.0,6.0,7.66,47.42,29.0,5,-,-,-,46.0,70.0,3.0,1.0,6.0,150,6.0,1,-,-,-,6.0,Female
Sajeevan Sajana,,,,,,,,,,,,,,,,,,,,,,,39.0,14.0,8.0,10.25,110.81,11.0,6,-,-,-,41.0,Female
Samantha Lobatto,,,,,,,,,,,,137.0,3.0,2.0,0.0,12.5,1.0,-,-,-,-,1.0,74.0,3.0,1.0,0.0,100,3.0,-,-,-,-,3.0,Female
Sandhya Agarwal,1.0,13.0,23.0,50.45,0,190.0,0,0,4,4,1110.0,25.0,21.0,21.0,31.5,-,72.0,-,-,4,-,567.0,,,,,,,,,,,,Female
Sandhya Mazumdar,41.0,6.0,10.0,8.4,-,22.0,-,-,-,-,84.0,129.0,1.0,1.0,4.0,-,4.0,-,-,-,-,4.0,,,,,,,,,,,,Female
Sandra Braganza,57.0,6.0,9.0,15.0,-,19.0,-,-,-,-,45.0,89.0,20.0,11.0,6.28,-,11.0,-,-,-,-,44.0,,,,,,,,,,,,Female
Sangita Dabir,20.0,4.0,7.0,52.8,66.16,60.0,35,-,3,-,264.0,54.0,19.0,17.0,11.14,-,31.0,-,-,-,-,156.0,,,,,,,,,,,,Female
Sayali Satghare,75.0,1.0,2.0,5.0,17.85,7.0,1,-,-,-,10.0,133.0,3.0,1.0,0.0,66.66,2.0,-,-,-,-,2.0,,,,,,,,,,,,Female
Seema Desai,54.0,2.0,4.0,12.25,-,21.0,-,-,-,-,49.0,,,,,,,,,,,,,,,,,,,,,,,Female
Seema Pujare,,,,,,,,,,,,119.0,8.0,2.0,5.0,45.45,5.0,1,-,-,-,10.0,,,,,,,,,,,,Female
Shafali Verma,7.0,6.0,12.0,55.18,74.38,205.0,82,14,3,1,607.0,20.0,32.0,32.0,24.03,85.24,87.0,91,9,5,-,745.0,3.0,111.0,110.0,27.89,136.38,81.0,376,82,18,-,2901.0,Female
Shanta Rangaswamy,2.0,16.0,26.0,32.6,-,108.0,-,-,6,1,750.0,40.0,19.0,19.0,15.1,-,50.0,-,-,1,-,287.0,,,,,,,,,,,,Female
Sharmila Chakraborty,60.0,11.0,11.0,5.83,-,26.0,-,-,-,-,35.0,101.0,14.0,8.0,11.5,-,14.0,-,-,-,-,23.0,,,,,,,,,,,,Female
Shashi Gupta,11.0,13.0,22.0,28.25,-,48.0,-,-,-,-,452.0,44.0,20.0,19.0,20.23,-,50.0,-,-,1,-,263.0,,,,,,,,,,,,Female
Shikha Pandey,53.0,3.0,5.0,18.33,26.69,28.0,6,-,-,-,55.0,27.0,55.0,34.0,20.48,90.14,59.0,66,4,2,-,512.0,21.0,62.0,28.0,13.0,79.08,26.0,15,2,-,-,208.0,Female
Shilpa Gupta,,,,,,,,,,,,127.0,1.0,1.0,4.0,40,4.0,-,-,-,-,4.0,,,,,,,,,,,,Female
Shobha Pandit,22.0,8.0,14.0,17.64,-,69.0,-,-,1,-,247.0,91.0,3.0,3.0,14.0,-,21.0,-,-,-,-,42.0,,,,,,,,,,,,Female
Shree Charani,,,,,,,,,,,,103.0,21.0,8.0,3.66,64.7,11.0,-,2,-,-,22.0,61.0,25.0,4.0,4.5,128.57,7.0,-,1,-,-,9.0,Female
Shreyanka Patil,,,,,,,,,,,,122.0,3.0,2.0,7.0,58.33,5.0,1,-,-,-,7.0,44.0,24.0,9.0,4.5,75,7.0,3,-,-,-,27.0,Female
Shubhangi Kulkarni,3.0,19.0,32.0,23.33,-,118.0,-,-,2,1,700.0,34.0,27.0,26.0,13.34,-,44.0,-,-,-,-,347.0,,,,,,,,,,,,Female
Shubhlakshmi Sharma,85.0,1.0,1.0,4.0,23.52,4.0,-,-,-,-,4.0,118.0,10.0,5.0,2.2,35.48,4.0,1,-,-,-,11.0,45.0,18.0,8.0,3.57,83.33,10.0,3,1,-,-,25.0,Female
Shyama Shaw,28.0,3.0,5.0,61.33,63.44,66.0,24,-,2,-,184.0,104.0,5.0,3.0,7.33,66.66,11.0,2,-,-,-,22.0,,,,,,,,,,,,Female
Simran Bahadur,,,,,,,,,,,,,,,,,,,,,,,58.0,6.0,1.0,10.0,166.66,10.0,2,-,-,-,10.0,Female
Smitha Harikrishna,,,,,,,,,,,,47.0,22.0,17.0,17.76,53.47,34.0,17,-,-,-,231.0,,,,,,,,,,,,Female
Smriti Mandhana,5.0,8.0,14.0,48.84,63.37,149.0,108,3,3,2,635.0,2.0,120.0,120.0,47.88,90.36,136.0,653,74,35,14,5411.0,1.0,171.0,165.0,30.25,125.18,112.0,614,88,35,1,4538.0,Female
Sneh Rana,31.0,5.0,7.0,26.0,42.97,80.0,23,-,1,-,156.0,29.0,45.0,31.0,17.66,87.24,53.0,48,2,1,-,424.0,31.0,31.0,15.0,14.0,100,16.0,8,-,-,-,84.0,Female
Sneha Deepthi,,,,,,,,,,,,128.0,1.0,1.0,4.0,44.44,4.0,1,-,-,-,4.0,82.0,2.0,1.0,1.0,33.33,1.0,-,-,-,-,1.0,Female
Snehal Pradhan,,,,,,,,,,,,115.0,6.0,3.0,13.0,40.62,6.0,1,-,-,-,13.0,78.0,4.0,3.0,2.0,25,2.0,-,-,-,-,2.0,Female
Soniya Dabir,,,,,,,,,,,,86.0,4.0,3.0,26.0,66.66,31.0,3,-,-,-,52.0,35.0,13.0,9.0,11.33,103.03,23.0,5,-,-,-,68.0,Female
Sravanthi Naidu,78.0,1.0,1.0,9.0,22.5,9.0,1,-,-,-,9.0,131.0,4.0,2.0,1.0,33.33,2.0,-,-,-,-,2.0,57.0,6.0,2.0,11.0,39.28,11.0,-,-,-,-,11.0,Female
Sreerupa Bose,,,,,,,,,,,,123.0,2.0,1.0,7.0,-,7.0,-,-,-,-,7.0,,,,,,,,,,,,Female
Sudha Shah,8.0,21.0,38.0,18.78,-,62.0,-,-,1,-,601.0,39.0,13.0,12.0,24.41,-,53.0,-,-,1,-,293.0,,,,,,,,,,,,Female
Sujata Sridhar,64.0,3.0,4.0,16.0,-,20.0,-,-,-,-,32.0,109.0,6.0,6.0,3.8,-,14.0,-,-,-,-,19.0,,,,,,,,,,,,Female
Sulakshana Naik,49.0,2.0,3.0,20.66,45.58,25.0,8,-,-,-,62.0,24.0,46.0,41.0,15.51,-,79.0,-,-,2,-,574.0,12.0,31.0,28.0,14.76,-,59.0,-,-,1,-,384.0,Female
Sunetra Paranjpe,63.0,3.0,4.0,11.0,25.58,30.0,3,-,-,-,33.0,36.0,28.0,25.0,15.33,-,52.0,-,-,1,-,322.0,,,,,,,,,,,,Female
Sunita Singh,82.0,2.0,2.0,6.0,35.29,6.0,1,-,-,-,6.0,98.0,18.0,7.0,4.0,43.63,12.0,1,-,-,-,24.0,,,,,,,,,,,,Female
Susan Itticheria,58.0,7.0,10.0,6.66,-,11.0,-,-,-,-,40.0,113.0,2.0,2.0,14.0,-,8.0,-,-,-,-,14.0,,,,,,,,,,,,Female
Sushma Verma,,,,,,,,,,,,49.0,43.0,24.0,9.65,57.78,41.0,15,2,-,-,193.0,43.0,19.0,6.0,10.33,81.57,12.0,3,-,-,-,31.0,Female
Swagatika Rath,,,,,,,,,,,,83.0,3.0,3.0,29.0,76.31,30.0,6,-,-,-,58.0,53.0,2.0,2.0,7.0,70,9.0,1,-,-,-,14.0,Female
Taniya Bhatia,48.0,2.0,3.0,33.0,39.05,44.0,9,-,-,-,66.0,57.0,19.0,11.0,15.33,69.34,68.0,13,-,1,-,138.0,23.0,53.0,23.0,9.05,91,46.0,17,1,-,-,172.0,Female
Tejal Hasabnis,,,,,,,,,,,,56.0,6.0,6.0,46.66,78.65,53.0,16,-,1,-,140.0,,,,,,,,,,,,Female
Thirush Kamini,23.0,2.0,3.0,79.0,39.50,192.0,28,1,-,1,237.0,19.0,39.0,37.0,25.78,56.12,113.0,110,6,3,2,825.0,36.0,3.0,2.0,33.5,97.10,56.0,7,1,1,-,67.0,Female
Titas Sadhu,,,,,,,,,,,,121.0,8.0,3.0,3.0,37.5,4.0,-,-,-,-,9.0,73.0,12.0,2.0,3.0,27.27,2.0,-,-,-,-,3.0,Female
Ujwala Vasudev Nikam,34.0,8.0,12.0,10.41,-,26.0,-,-,-,-,125.0,95.0,2.0,2.0,15.5,-,31.0,-,-,-,-,31.0,,,,,,,,,,,,Female
Uma Chetry,,,,,,,,,,,,,,,,,,,,,,,41.0,7.0,4.0,9.25,90.24,24.0,5,-,-,-,37.0,Female
Vaishnavi Sharma,,,,,,,,,,,,120.0,1.0,1.0,0.0,200,10.0,2,-,-,-,10.0,,,,,,,,,,,,Female
Varsha Raffel,,,,,,,,,,,,111.0,9.0,4.0,4.0,41.02,7.0,-,-,-,-,16.0,,,,,,,,,,,,Female
Veda Krishnamurthy,,,,,,,,,,,,18.0,48.0,41.0,25.9,76.9,71.0,90,6,8,-,829.0,8.0,76.0,63.0,18.61,104.55,57.0,82,11,2,-,875.0,Female
Vellaswamy Vanitha,,,,,,,,,,,,72.0,6.0,6.0,17.0,68,27.0,14,-,-,-,85.0,20.0,16.0,15.0,14.4,109.09,41.0,30,3,-,-,216.0,Female
Venkatacher Kalpana,46.0,3.0,5.0,14.2,-,34.0,-,-,-,-,71.0,78.0,8.0,8.0,9.85,-,31.0,-,-,-,-,69.0,,,,,,,,,,,,Female
Vrinda Bhagat,61.0,2.0,4.0,8.5,-,16.0,-,-,-,-,34.0,80.0,11.0,11.0,7.87,-,18.0,-,-,-,-,63.0,,,,,,,,,,,,Female
Yastika Bhatia,40.0,3.0,5.0,19.6,60.86,66.0,14,1,1,-,98.0,21.0,28.0,27.0,24.66,73.02,64.0,78,2,4,-,666.0,14.0,26.0,20.0,19.68,100.8,54.0,51,3,1,-,374.0,Female
